Category,Population,Unique_Individuals,Annual_Risk_Pct
Ultra-Policed,40712,6489,1.52040816968024
Highly Policed,95567,7507,0.7493130927551936
Normally Policed,478316,15099,0.3011189828947881
