Category,Drug_Per_1000_Annual
Ultra-Policed,6.157547649745216
Highly Policed,3.1471748787226925
Normally Policed,1.1690572075827856
