Category,Annual_Risk_Pct
Ultra-Policed,2.924132217230605
Highly Policed,1.4902417043872438
Normally Policed,0.5736596822947599
